{
  "model": "SimpleDNN (LAG_휴일 포함)",
  "mse": 10537024512.0,
  "mae": 14394.458984375,
  "rmse": 102650.00980029178,
  "n_test": 30443,
  "saved_at": "2025-12-31 13:01:37"
}