{
  "model": "XGBoost",
  "mse": 17658850371.286446,
  "mae": 13615.590433940131,
  "rmse": 132886.60719307436,
  "R2": 0.824926814931489,
  "n_test": 30442,
  "saved_at": "2025-12-31 14:36:12"
}