{
  "model": "LightGBM",
  "mse": 7968094463.1515465,
  "mae": 12271.234643159409,
  "rmse": 89264.18354049706,
  "r2": 0.8412747604019621,
  "n_test": 30442,
  "saved_at": "2025-12-31 14:36:09"
}