{
  "model": "EmbeddingDNN (LAG_휴일 포함)",
  "mse": 26053705728.0,
  "mae": 25462.421875,
  "rmse": 161411.60344907054,
  "n_test": 36282,
  "saved_at": "2025-12-31 13:13:25"
}