{
  "model": "EmbeddingDNN (LAG_휴일 포함)",
  "mse": 9311087616.0,
  "mae": 14028.2265625,
  "rmse": 96493.97709701885,
  "n_test": 30443,
  "saved_at": "2025-12-31 13:36:23"
}