{
  "model": "SimpleDNN (날짜 미포함)",
  "mse": 26276315136.0,
  "mae": 25853.345703125,
  "rmse": 162099.7073902356,
  "n_test": 36282,
  "saved_at": "2025-12-31 12:08:13"
}