{
  "model": "SimpleDNN (날짜 포함)",
  "mse": 27168802816.0,
  "mae": 26173.3515625,
  "rmse": 164829.6175327723,
  "n_test": 36282,
  "saved_at": "2025-12-31 12:40:46"
}