{
  "model": "SimpleDNN (LAG 포함)",
  "mse": 8253324288.0,
  "mae": 18137.0546875,
  "rmse": 90847.80838303146,
  "n_test": 30443,
  "saved_at": "2025-12-31 12:53:27"
}