{
  "model": "EmbeddingDNN (LAG_휴일 포함)",
  "mse": 8835653632.0,
  "mae": 15777.3076171875,
  "rmse": 93998.15759896574,
  "n_test": 30443,
  "saved_at": "2025-12-31 13:24:45"
}